{
    "name": "root",
    "metadata": {
        "timer_format_version": "0.1.0",
        "start_time_seconds": "1743913848",
        "python_version": "3.10.12 (main, Oct 23 2024, 17:55:59) [MSC v.1941 64 bit (AMD64)]",
        "command_line_arguments": "C:\\Users\\steve\\chess-rogue\\chess-rogue\\venv\\Scripts\\mlagents-learn --run-id=BoardPositionRewards --resume",
        "mlagents_version": "1.1.0",
        "mlagents_envs_version": "1.1.0",
        "communication_protocol_version": "1.5.0",
        "pytorch_version": "2.2.2+cu121",
        "numpy_version": "1.23.5",
        "end_time_seconds": "1743915732"
    },
    "total": 1883.7947633999866,
    "count": 1,
    "self": 0.007836499949917197,
    "children": {
        "run_training.setup": {
            "total": 0.02261840004939586,
            "count": 1,
            "self": 0.02261840004939586
        },
        "TrainerController.start_learning": {
            "total": 1883.7643084999872,
            "count": 1,
            "self": 0.19395999982953072,
            "children": {
                "TrainerController._reset_env": {
                    "total": 9.892310499912128,
                    "count": 1,
                    "self": 9.892310499912128
                },
                "TrainerController.advance": {
                    "total": 1873.4517640002305,
                    "count": 12118,
                    "self": 0.21024280367419124,
                    "children": {
                        "env_step": {
                            "total": 1871.8719290104927,
                            "count": 12118,
                            "self": 1858.362656011479,
                            "children": {
                                "SubprocessEnvManager._take_step": {
                                    "total": 13.380546999746002,
                                    "count": 12118,
                                    "self": 0.45719140069559216,
                                    "children": {
                                        "TorchPolicy.evaluate": {
                                            "total": 12.92335559905041,
                                            "count": 11986,
                                            "self": 12.92335559905041
                                        }
                                    }
                                },
                                "workers": {
                                    "total": 0.12872599926777184,
                                    "count": 12117,
                                    "self": 0.0,
                                    "children": {
                                        "worker_root": {
                                            "total": 1751.5633806955302,
                                            "count": 12117,
                                            "is_parallel": true,
                                            "self": 26.12501549057197,
                                            "children": {
                                                "steps_from_proto": {
                                                    "total": 0.0009673999156802893,
                                                    "count": 1,
                                                    "is_parallel": true,
                                                    "self": 0.0005219999002292752,
                                                    "children": {
                                                        "_process_rank_one_or_two_observation": {
                                                            "total": 0.00044540001545101404,
                                                            "count": 2,
                                                            "is_parallel": true,
                                                            "self": 0.00044540001545101404
                                                        }
                                                    }
                                                },
                                                "UnityEnvironment.step": {
                                                    "total": 1725.4373978050426,
                                                    "count": 12117,
                                                    "is_parallel": true,
                                                    "self": 2.2791405201423913,
                                                    "children": {
                                                        "UnityEnvironment._generate_step_input": {
                                                            "total": 0.5228416998870671,
                                                            "count": 12117,
                                                            "is_parallel": true,
                                                            "self": 0.5228416998870671
                                                        },
                                                        "communicator.exchange": {
                                                            "total": 1712.0130905925762,
                                                            "count": 12117,
                                                            "is_parallel": true,
                                                            "self": 1712.0130905925762
                                                        },
                                                        "steps_from_proto": {
                                                            "total": 10.622324992436916,
                                                            "count": 24234,
                                                            "is_parallel": true,
                                                            "self": 5.856477314955555,
                                                            "children": {
                                                                "_process_rank_one_or_two_observation": {
                                                                    "total": 4.765847677481361,
                                                                    "count": 48468,
                                                                    "is_parallel": true,
                                                                    "self": 4.765847677481361
                                                                }
                                                            }
                                                        }
                                                    }
                                                }
                                            }
                                        }
                                    }
                                }
                            }
                        },
                        "trainer_advance": {
                            "total": 1.369592186063528,
                            "count": 24234,
                            "self": 0.3211275872308761,
                            "children": {
                                "process_trajectory": {
                                    "total": 1.048464598832652,
                                    "count": 24234,
                                    "self": 1.048464598832652
                                }
                            }
                        }
                    }
                },
                "TrainerController._save_models": {
                    "total": 0.22627400001510978,
                    "count": 1,
                    "self": 0.02710750000551343,
                    "children": {
                        "RLTrainer._checkpoint": {
                            "total": 0.19916650000959635,
                            "count": 2,