{
    "name": "root",
    "gauges": {
        "WhitePlayerAI.Policy.Entropy.mean": {
            "value": 2.9382877349853516,
            "min": 2.9382877349853516,
            "max": 3.229592800140381,
            "count": 8
        },
        "WhitePlayerAI.Policy.Entropy.sum": {
            "value": 29327.05078125,
            "min": 864.661376953125,
            "max": 32334.68359375,
            "count": 8
        },
        "WhitePlayerAI.Step.mean": {
            "value": 219940.0,
            "min": 149980.0,
            "max": 219940.0,
            "count": 8
        },
        "WhitePlayerAI.Step.sum": {
            "value": 219940.0,
            "min": 149980.0,
            "max": 219940.0,
            "count": 8
        },
        "WhitePlayerAI.Policy.ExtrinsicValueEstimate.mean": {
            "value": -0.17388015985488892,
            "min": -0.28026482462882996,
            "max": -0.11408396810293198,
            "count": 8
        },
        "WhitePlayerAI.Policy.ExtrinsicValueEstimate.sum": {
            "value": -35.993194580078125,
            "min": -49.004150390625,
            "max": -1.4013241529464722,
            "count": 8
        },
        "WhitePlayerAI.Environment.EpisodeLength.mean": {
            "value": 92.83809523809524,
            "min": 84.86206896551724,
            "max": 110.5,
            "count": 8
        },
        "WhitePlayerAI.Environment.EpisodeLength.sum": {
            "value": 9748.0,
            "min": 221.0,
            "max": 10047.0,
            "count": 8
        },
        "WhitePlayerAI.Environment.CumulativeReward.mean": {
            "value": -0.5169811716197796,
            "min": -1.6000001579523087,
            "max": -0.29273505989685017,
            "count": 8
        },
        "WhitePlayerAI.Environment.CumulativeReward.sum": {
            "value": -54.800004191696644,
            "min": -80.85000275447965,
            "max": -3.2000003159046173,
            "count": 8
        },
        "WhitePlayerAI.Policy.ExtrinsicReward.mean": {
            "value": -0.5169811716197796,
            "min": -1.6000001579523087,
            "max": -0.29273505989685017,
            "count": 8
        },
        "WhitePlayerAI.Policy.ExtrinsicReward.sum": {
            "value": -54.800004191696644,
            "min": -80.85000275447965,
            "max": -3.2000003159046173,
            "count": 8
        },
        "WhitePlayerAI.IsTraining.mean": {
            "value": 1.0,
            "min": 1.0,
            "max": 1.0,
            "count": 8
        },
        "WhitePlayerAI.IsTraining.sum": {
            "value": 1.0,
            "min": 1.0,
            "max": 1.0,
            "count": 8
        },
        "BlackPlayerAI.Policy.Entropy.mean": {
            "value": 2.8884148597717285,
            "min": 2.8884148597717285,
            "max": 3.2399652004241943,
            "count": 8
        },
        "BlackPlayerAI.Policy.Entropy.sum": {
            "value": 29002.57421875,
            "min": 2799.80322265625,
            "max": 32338.091796875,
            "count": 8
        },
        "BlackPlayerAI.Step.mean": {
            "value": 219983.0,
            "min": 149996.0,
            "max": 219983.0,
            "count": 8
        },
        "BlackPlayerAI.Step.sum": {
            "value": 219983.0,
            "min": 149996.0,
            "max": 219983.0,
            "count": 8
        },
        "BlackPlayerAI.Policy.ExtrinsicValueEstimate.mean": {
            "value": -0.16763560473918915,
            "min": -0.1706821471452713,
            "max": -0.03324815630912781,
            "count": 8
        },
        "BlackPlayerAI.Policy.ExtrinsicValueEstimate.sum": {
            "value": -35.20347595214844,
            "min": -35.20347595214844,
            "max": -3.2429606914520264,
            "count": 8
        },
        "BlackPlayerAI.Environment.EpisodeLength.mean": {
            "value": 90.28181818181818,
            "min": 85.04310344827586,
            "max": 103.22222222222223,
            "count": 8
        },
        "BlackPlayerAI.Environment.EpisodeLength.sum": {
            "value": 9931.0,
            "min": 929.0,
            "max": 9931.0,
            "count": 8
        },
        "BlackPlayerAI.Environment.CumulativeReward.mean": {
            "value": -0.461818212677132,
            "min": -0.5431034808400376,
            "max": -0.14619048677739643,
            "count": 8
        },
        "BlackPlayerAI.Environment.CumulativeReward.sum": {
            "value": -50.80000339448452,
            "min": -63.00000377744436,
            "max": -1.6499999314546585,
            "count": 8
        },
        "BlackPlayerAI.Policy.ExtrinsicReward.mean": {
            "value": -0.461818212677132,
            "min": -0.5431034808400376,
            "max": -0.14619048677739643,
            "count": 8
        },
        "BlackPlayerAI.Policy.ExtrinsicReward.sum": {
            "value": -50.80000339448452,
            "min": -63.00000377744436,
            "max": -1.6499999314546585,
            "count": 8
        },
        "BlackPlayerAI.IsTraining.mean": {
            "value": 1.0,
            "min": 1.0,
            "max": 1.0,
            "count": 8
        },
        "BlackPlayerAI.IsTraining.sum": {
            "value": 1.0,
            "min": 1.0,
            "max": 1.0,
            "count": 8
        },
        "BlackPlayerAI.Losses.PolicyLoss.mean": {
            "value": 0.04772255547965566,
            "min": 0.03865423750442763,
            "max": 0.04991613156162202,
            "count": 6
        },
        "BlackPlayerAI.Losses.PolicyLoss.sum": {
            "value": 0.04772255547965566,
            "min": 0.03865423750442763,
            "max": 0.04991613156162202,
            "count": 6
        },
        "BlackPlayerAI.Losses.ValueLoss.mean": {
            "value": 0.1440396212041378,
            "min": 0.12591937631368638,
            "max": 0.1440396212041378,
            "count": 6
        },
        "BlackPlayerAI.Losses.ValueLoss.sum": {
            "value": 0.1440396212041378,
            "min": 0.12591937631368638,
            "max": 0.1440396212041378,
            "count": 6
        },
        "BlackPlayerAI.Policy.LearningRate.mean": {
            "value": 0.0002998735506421497,
            "min": 0.0002998735506421497,
            "max": 0.0002999043726318757,
            "count": 6
        },
        "BlackPlayerAI.Policy.LearningRate.sum": {
            "value": 0.0002998735506421497,
            "min": 0.0002998735506421497,
            "max": 0.0002999043726318757,
            "count": 6
        },
        "BlackPlayerAI.Policy.Epsilon.mean": {
            "value": 0.19995785019999995,
            "min": 0.19995785019999995,
            "max": 0.19996812419999996,
            "count": 6
        },
        "BlackPlayerAI.Policy.Epsilon.sum": {
            "value": 0.19995785019999995,
            "min": 0.19995785019999995,
            "max": 0.19996812419999996,
            "count": 6
        },
        "BlackPlayerAI.Policy.Beta.mean": {
            "value": 0.004997896724979999,
            "min": 0.004997896724979999,
            "max": 0.004998409397580002,
            "count": 6
        },
        "BlackPlayerAI.Policy.Beta.sum": {
            "value": 0.004997896724979999,
            "min": 0.004997896724979999,
            "max": 0.004998409397580002,
            "count": 6
        },
        "WhitePlayerAI.Losses.PolicyLoss.mean": {
            "value": 0.044415856696044406,
            "min": 0.03820188058695446,
            "max": 0.04662496965999405,
            "count": 6
        },
        "WhitePlayerAI.Losses.PolicyLoss.sum": {
            "value": 0.044415856696044406,
            "min": 0.03820188058695446,
            "max": 0.04662496965999405,
            "count": 6
        },
        "WhitePlayerAI.Losses.ValueLoss.mean": {
            "value": 0.1415791461865107,
            "min": 0.12410622710982959,