{
    "name": "root",
    "gauges": {
        "WhitePlayerAI.Policy.Entropy.mean": {
            "value": 2.6530921459198,
            "min": 2.631701707839966,
            "max": 2.9376003742218018,
            "count": 19
        },
        "WhitePlayerAI.Policy.Entropy.sum": {
            "value": 26589.2890625,
            "min": 2432.700439453125,
            "max": 29484.14453125,
            "count": 19
        },
        "WhitePlayerAI.Step.mean": {
            "value": 449989.0,
            "min": 269990.0,
            "max": 449989.0,
            "count": 19
        },
        "WhitePlayerAI.Step.sum": {
            "value": 449989.0,
            "min": 269990.0,
            "max": 449989.0,
            "count": 19
        },
        "WhitePlayerAI.Policy.ExtrinsicValueEstimate.mean": {
            "value": 0.020368510857224464,
            "min": -0.32894256711006165,
            "max": 0.059437114745378494,
            "count": 19
        },
        "WhitePlayerAI.Policy.ExtrinsicValueEstimate.sum": {
            "value": 5.438392639160156,
            "min": -80.59092712402344,
            "max": 14.621530532836914,
            "count": 19
        },
        "WhitePlayerAI.Environment.EpisodeLength.mean": {
            "value": 54.46448087431694,
            "min": 51.40837696335078,
            "max": 77.390625,
            "count": 19
        },
        "WhitePlayerAI.Environment.EpisodeLength.sum": {
            "value": 9967.0,
            "min": 876.0,
            "max": 9978.0,
            "count": 19
        },
        "WhitePlayerAI.Environment.CumulativeReward.mean": {
            "value": -0.6639344213235248,
            "min": -0.9780864196335092,
            "max": 0.0728476851043717,
            "count": 19
        },
        "WhitePlayerAI.Environment.CumulativeReward.sum": {
            "value": -121.49999910220504,
            "min": -158.4499999806285,
            "max": 11.000000450760126,
            "count": 19
        },
        "WhitePlayerAI.Policy.ExtrinsicReward.mean": {
            "value": -0.6639344213235248,
            "min": -0.9780864196335092,
            "max": 0.0728476851043717,
            "count": 19
        },
        "WhitePlayerAI.Policy.ExtrinsicReward.sum": {
            "value": -121.49999910220504,
            "min": -158.4499999806285,
            "max": 11.000000450760126,
            "count": 19
        },
        "WhitePlayerAI.IsTraining.mean": {
            "value": 1.0,
            "min": 1.0,
            "max": 1.0,
            "count": 19
        },
        "WhitePlayerAI.IsTraining.sum": {
            "value": 1.0,
            "min": 1.0,
            "max": 1.0,
            "count": 19
        },
        "BlackPlayerAI.Policy.Entropy.mean": {
            "value": 2.8080086708068848,
            "min": 2.7971224784851074,
            "max": 3.002051830291748,
            "count": 19
        },
        "BlackPlayerAI.Policy.Entropy.sum": {
            "value": 28077.279296875,
            "min": 6295.4638671875,
            "max": 30131.59375,
            "count": 19
        },
        "BlackPlayerAI.Step.mean": {
            "value": 449937.0,
            "min": 269991.0,
            "max": 449937.0,
            "count": 19
        },
        "BlackPlayerAI.Step.sum": {
            "value": 449937.0,
            "min": 269991.0,
            "max": 449937.0,
            "count": 19
        },
        "BlackPlayerAI.Policy.ExtrinsicValueEstimate.mean": {
            "value": -0.3962864279747009,
            "min": -0.5060543417930603,
            "max": -0.034522637724876404,
            "count": 19
        },
        "BlackPlayerAI.Policy.ExtrinsicValueEstimate.sum": {
            "value": -114.52677917480469,
            "min": -134.61045837402344,
            "max": -8.630659103393555,
            "count": 19
        },
        "BlackPlayerAI.Environment.EpisodeLength.mean": {
            "value": 46.08530805687204,
            "min": 46.08530805687204,
            "max": 75.87022900763358,
            "count": 19
        },
        "BlackPlayerAI.Environment.EpisodeLength.sum": {
            "value": 9724.0,
            "min": 2106.0,
            "max": 9940.0,
            "count": 19
        },
        "BlackPlayerAI.Environment.CumulativeReward.mean": {
            "value": -0.28820755819456195,
            "min": -1.002671783292339,
            "max": 0.13484845759742187,
            "count": 19
        },
        "BlackPlayerAI.Environment.CumulativeReward.sum": {
            "value": -61.10000233724713,
            "min": -147.5500016398728,
            "max": 22.24999550357461,
            "count": 19
        },
        "BlackPlayerAI.Policy.ExtrinsicReward.mean": {
            "value": -0.28820755819456195,
            "min": -1.002671783292339,
            "max": 0.13484845759742187,
            "count": 19
        },
        "BlackPlayerAI.Policy.ExtrinsicReward.sum": {
            "value": -61.10000233724713,
            "min": -147.5500016398728,
            "max": 22.24999550357461,
            "count": 19
        },
        "BlackPlayerAI.IsTraining.mean": {
            "value": 1.0,
            "min": 1.0,
            "max": 1.0,
            "count": 19
        },
        "BlackPlayerAI.IsTraining.sum": {
            "value": 1.0,
            "min": 1.0,
            "max": 1.0,
            "count": 19
        },
        "WhitePlayerAI.Losses.PolicyLoss.mean": {
            "value": 0.03563792526256293,
            "min": 0.03544172938757886,
            "max": 0.04254466310764352,
            "count": 17
        },
        "WhitePlayerAI.Losses.PolicyLoss.sum": {
            "value": 0.03563792526256293,
            "min": 0.03544172938757886,
            "max": 0.04254466310764352,
            "count": 17
        },
        "WhitePlayerAI.Losses.ValueLoss.mean": {
            "value": 0.9960140705108642,
            "min": 0.674486423532168,
            "max": 1.1095895946025849,
            "count": 17
        },
        "WhitePlayerAI.Losses.ValueLoss.sum": {
            "value": 0.9960140705108642,
            "min": 0.674486423532168,
            "max": 1.1095895946025849,
            "count": 17
        },
        "WhitePlayerAI.Policy.LearningRate.mean": {
            "value": 0.0002997336888887704,
            "min": 0.0002997336888887704,
            "max": 0.00029983234805588407,
            "count": 17
        },
        "WhitePlayerAI.Policy.LearningRate.sum": {
            "value": 0.0002997336888887704,
            "min": 0.0002997336888887704,
            "max": 0.00029983234805588407,
            "count": 17
        },
        "WhitePlayerAI.Policy.Epsilon.mean": {
            "value": 0.19991122959999993,
            "min": 0.19991122959999993,
            "max": 0.19994411600000006,
            "count": 17
        },
        "WhitePlayerAI.Policy.Epsilon.sum": {
            "value": 0.19991122959999993,
            "min": 0.19991122959999993,
            "max": 0.19994411600000006,
            "count": 17
        },
        "WhitePlayerAI.Policy.Beta.mean": {
            "value": 0.00499557035704,
            "min": 0.00499557035704,
            "max": 0.0049972113884,
            "count": 17
        },
        "WhitePlayerAI.Policy.Beta.sum": {
            "value": 0.00499557035704,
            "min": 0.00499557035704,
            "max": 0.0049972113884,
            "count": 17
        },
        "BlackPlayerAI.Losses.PolicyLoss.mean": {
            "value": 0.04137994969884554,
            "min": 0.03737077356005709,
            "max": 0.04585682898759842,
            "count": 17
        },
        "BlackPlayerAI.Losses.PolicyLoss.sum": {
            "value": 0.04137994969884554,
            "min": 0.03737077356005709,
            "max": 0.04585682898759842,
            "count": 17
        },
        "BlackPlayerAI.Losses.ValueLoss.mean": {
            "value": 0.993067220846812,
            "min": 0.7000124235947927,