{
    "name": "root",
    "gauges": {
        "WhitePlayerAI.Policy.Entropy.mean": {
            "value": 3.197627305984497,
            "min": 3.197627305984497,
            "max": 3.631347894668579,
            "count": 9
        },
        "WhitePlayerAI.Policy.Entropy.sum": {
            "value": 32024.23828125,
            "min": 12789.607421875,
            "max": 34958.28515625,
            "count": 9
        },
        "WhitePlayerAI.Step.mean": {
            "value": 139996.0,
            "min": 59987.0,
            "max": 139996.0,
            "count": 9
        },
        "WhitePlayerAI.Step.sum": {
            "value": 139996.0,
            "min": 59987.0,
            "max": 139996.0,
            "count": 9
        },
        "WhitePlayerAI.Policy.ExtrinsicValueEstimate.mean": {
            "value": -0.14824941754341125,
            "min": -0.14824941754341125,
            "max": -0.038754500448703766,
            "count": 9
        },
        "WhitePlayerAI.Policy.ExtrinsicValueEstimate.sum": {
            "value": -29.056884765625,
            "min": -29.056884765625,
            "max": -6.891552448272705,
            "count": 9
        },
        "WhitePlayerAI.Environment.EpisodeLength.mean": {
            "value": 113.37931034482759,
            "min": 95.08653846153847,
            "max": 120.44827586206897,
            "count": 9
        },
        "WhitePlayerAI.Environment.EpisodeLength.sum": {
            "value": 9864.0,
            "min": 3493.0,
            "max": 9983.0,
            "count": 9
        },
        "WhitePlayerAI.Environment.CumulativeReward.mean": {
            "value": -0.5681818507357754,
            "min": -0.713829812375789,
            "max": 0.008928533111299788,
            "count": 9
        },
        "WhitePlayerAI.Environment.CumulativeReward.sum": {
            "value": -50.00000286474824,
            "min": -67.10000236332417,
            "max": 0.24999892711639404,
            "count": 9
        },
        "WhitePlayerAI.Policy.ExtrinsicReward.mean": {
            "value": -0.5681818507357754,
            "min": -0.713829812375789,
            "max": 0.008928533111299788,
            "count": 9
        },
        "WhitePlayerAI.Policy.ExtrinsicReward.sum": {
            "value": -50.00000286474824,
            "min": -67.10000236332417,
            "max": 0.24999892711639404,
            "count": 9
        },
        "WhitePlayerAI.IsTraining.mean": {
            "value": 1.0,
            "min": 1.0,
            "max": 1.0,
            "count": 9
        },
        "WhitePlayerAI.IsTraining.sum": {
            "value": 1.0,
            "min": 1.0,
            "max": 1.0,
            "count": 9
        },
        "BlackPlayerAI.Policy.Entropy.mean": {
            "value": 3.2124154567718506,
            "min": 3.201054334640503,
            "max": 3.605790138244629,
            "count": 9
        },
        "BlackPlayerAI.Policy.Entropy.sum": {
            "value": 32262.2890625,
            "min": 13651.521484375,
            "max": 35410.5078125,
            "count": 9
        },
        "BlackPlayerAI.Step.mean": {
            "value": 139981.0,
            "min": 59959.0,
            "max": 139981.0,
            "count": 9
        },
        "BlackPlayerAI.Step.sum": {
            "value": 139981.0,
            "min": 59959.0,
            "max": 139981.0,
            "count": 9
        },
        "BlackPlayerAI.Policy.ExtrinsicValueEstimate.mean": {
            "value": -0.03010992333292961,
            "min": -0.18391279876232147,
            "max": -0.03010992333292961,
            "count": 9
        },
        "BlackPlayerAI.Policy.ExtrinsicValueEstimate.sum": {
            "value": -5.931654930114746,
            "min": -37.33429718017578,
            "max": -5.931654930114746,
            "count": 9
        },
        "BlackPlayerAI.Environment.EpisodeLength.mean": {
            "value": 113.125,
            "min": 94.98076923076923,
            "max": 118.8,
            "count": 9
        },
        "BlackPlayerAI.Environment.EpisodeLength.sum": {
            "value": 9955.0,
            "min": 3564.0,
            "max": 10068.0,
            "count": 9
        },
        "BlackPlayerAI.Environment.CumulativeReward.mean": {
            "value": -0.15965910251675683,
            "min": -0.6500000109275182,
            "max": -0.033505184748738086,
            "count": 9
        },
        "BlackPlayerAI.Environment.CumulativeReward.sum": {
            "value": -14.0500010214746,
            "min": -39.650001510977745,
            "max": -3.250002920627594,
            "count": 9
        },
        "BlackPlayerAI.Policy.ExtrinsicReward.mean": {
            "value": -0.15965910251675683,
            "min": -0.6500000109275182,
            "max": -0.033505184748738086,
            "count": 9
        },
        "BlackPlayerAI.Policy.ExtrinsicReward.sum": {
            "value": -14.0500010214746,
            "min": -39.650001510977745,
            "max": -3.250002920627594,
            "count": 9
        },
        "BlackPlayerAI.IsTraining.mean": {
            "value": 1.0,
            "min": 1.0,
            "max": 1.0,
            "count": 9
        },
        "BlackPlayerAI.IsTraining.sum": {
            "value": 1.0,
            "min": 1.0,
            "max": 1.0,
            "count": 9
        },
        "WhitePlayerAI.Losses.PolicyLoss.mean": {
            "value": 0.03607110334560275,
            "min": 0.03607110334560275,
            "max": 0.04563103040369849,
            "count": 8
        },
        "WhitePlayerAI.Losses.PolicyLoss.sum": {
            "value": 0.03607110334560275,
            "min": 0.03607110334560275,
            "max": 0.04563103040369849,
            "count": 8
        },
        "WhitePlayerAI.Losses.ValueLoss.mean": {
            "value": 0.1283764958381653,
            "min": 0.11190031891067823,
            "max": 0.13568061143159865,
            "count": 8
        },
        "WhitePlayerAI.Losses.ValueLoss.sum": {
            "value": 0.1283764958381653,
            "min": 0.11190031891067823,
            "max": 0.13568061143159865,
            "count": 8
        },
        "WhitePlayerAI.Policy.LearningRate.mean": {
            "value": 0.0002999167968277345,
            "min": 0.0002999167968277345,
            "max": 0.0002999599236133587,
            "count": 8
        },
        "WhitePlayerAI.Policy.LearningRate.sum": {
            "value": 0.0002999167968277345,
            "min": 0.0002999167968277345,
            "max": 0.0002999599236133587,
            "count": 8
        },
        "WhitePlayerAI.Policy.Epsilon.mean": {
            "value": 0.19997226559999992,
            "min": 0.19997226559999992,
            "max": 0.19998664119999995,
            "count": 8
        },
        "WhitePlayerAI.Policy.Epsilon.sum": {
            "value": 0.19997226559999992,
            "min": 0.19997226559999992,
            "max": 0.19998664119999995,
            "count": 8
        },
        "WhitePlayerAI.Policy.Beta.mean": {
            "value": 0.004998616053439999,
            "min": 0.004998616053439999,
            "max": 0.00499933339588,
            "count": 8
        },
        "WhitePlayerAI.Policy.Beta.sum": {
            "value": 0.004998616053439999,
            "min": 0.004998616053439999,
            "max": 0.00499933339588,
            "count": 8
        },
        "BlackPlayerAI.Losses.PolicyLoss.mean": {
            "value": 0.041119225633641086,
            "min": 0.03837324227982511,
            "max": 0.04491856549866498,
            "count": 8
        },
        "BlackPlayerAI.Losses.PolicyLoss.sum": {
            "value": 0.041119225633641086,
            "min": 0.03837324227982511,
            "max": 0.04491856549866498,
            "count": 8
        },
        "BlackPlayerAI.Losses.ValueLoss.mean": {
            "value": 0.1376904919743538,
            "min": 0.1143003135919571,
            "max": 0.1409045971930027,