{
    "name": "root",
    "gauges": {
        "WhitePlayerAI.Policy.Entropy.mean": {
            "value": 2.3024089336395264,
            "min": 2.3024089336395264,
            "max": 2.741236925125122,
            "count": 39
        },
        "WhitePlayerAI.Policy.Entropy.sum": {
            "value": 23014.87890625,
            "min": 12330.083984375,
            "max": 27080.326171875,
            "count": 39
        },
        "WhitePlayerAI.Environment.EpisodeLength.mean": {
            "value": 63.90909090909091,
            "min": 45.105990783410135,
            "max": 66.52348993288591,
            "count": 39
        },
        "WhitePlayerAI.Environment.EpisodeLength.sum": {
            "value": 9842.0,
            "min": 4407.0,
            "max": 10059.0,
            "count": 39
        },
        "WhitePlayerAI.Step.mean": {
            "value": 839964.0,
            "min": 459999.0,
            "max": 839964.0,
            "count": 39
        },
        "WhitePlayerAI.Step.sum": {
            "value": 839964.0,
            "min": 459999.0,
            "max": 839964.0,
            "count": 39
        },
        "WhitePlayerAI.Policy.ExtrinsicValueEstimate.mean": {
            "value": -0.5908770561218262,
            "min": -0.6880608797073364,
            "max": 0.04079724848270416,
            "count": 39
        },
        "WhitePlayerAI.Policy.ExtrinsicValueEstimate.sum": {
            "value": -138.85610961914062,
            "min": -161.69430541992188,
            "max": 10.403298377990723,
            "count": 39
        },
        "WhitePlayerAI.Environment.CumulativeReward.mean": {
            "value": -1.4889610523430559,
            "min": -1.4889610523430559,
            "max": -0.08117978500851085,
            "count": 39
        },
        "WhitePlayerAI.Environment.CumulativeReward.sum": {
            "value": -229.3000020608306,
            "min": -229.3000020608306,
            "max": -14.45000173151493,
            "count": 39
        },
        "WhitePlayerAI.Policy.ExtrinsicReward.mean": {
            "value": -1.4889610523430559,
            "min": -1.4889610523430559,
            "max": -0.08117978500851085,
            "count": 39
        },
        "WhitePlayerAI.Policy.ExtrinsicReward.sum": {
            "value": -229.3000020608306,
            "min": -229.3000020608306,
            "max": -14.45000173151493,
            "count": 39
        },
        "WhitePlayerAI.IsTraining.mean": {
            "value": 1.0,
            "min": 1.0,
            "max": 1.0,
            "count": 39
        },
        "WhitePlayerAI.IsTraining.sum": {
            "value": 1.0,
            "min": 1.0,
            "max": 1.0,
            "count": 39
        },
        "BlackPlayerAI.Policy.Entropy.mean": {
            "value": 2.26381778717041,
            "min": 2.2585983276367188,
            "max": 2.7708494663238525,
            "count": 38
        },
        "BlackPlayerAI.Policy.Entropy.sum": {
            "value": 22620.06640625,
            "min": 20279.84765625,
            "max": 27220.205078125,
            "count": 38
        },
        "BlackPlayerAI.Environment.EpisodeLength.mean": {
            "value": 60.67901234567901,
            "min": 45.05990783410138,
            "max": 65.7,
            "count": 38
        },
        "BlackPlayerAI.Environment.EpisodeLength.sum": {
            "value": 9830.0,
            "min": 7169.0,
            "max": 9959.0,
            "count": 38
        },
        "BlackPlayerAI.Step.mean": {
            "value": 829991.0,
            "min": 459994.0,
            "max": 829991.0,
            "count": 38
        },
        "BlackPlayerAI.Step.sum": {
            "value": 829991.0,
            "min": 459994.0,
            "max": 829991.0,
            "count": 38
        },
        "BlackPlayerAI.Policy.ExtrinsicValueEstimate.mean": {
            "value": -0.19167360663414001,
            "min": -0.5120705962181091,
            "max": -0.01644192263484001,
            "count": 38
        },
        "BlackPlayerAI.Policy.ExtrinsicValueEstimate.sum": {
            "value": -46.00166702270508,
            "min": -128.52972412109375,
            "max": -4.321475505828857,
            "count": 38
        },
        "BlackPlayerAI.Environment.CumulativeReward.mean": {
            "value": -0.3697530930792844,
            "min": -1.0143617343633098,
            "max": 0.03721589942208745,
            "count": 38
        },
        "BlackPlayerAI.Environment.CumulativeReward.sum": {
            "value": -59.90000107884407,
            "min": -190.70000606030226,
            "max": 6.549998298287392,
            "count": 38
        },
        "BlackPlayerAI.Policy.ExtrinsicReward.mean": {
            "value": -0.3697530930792844,
            "min": -1.0143617343633098,
            "max": 0.03721589942208745,
            "count": 38
        },
        "BlackPlayerAI.Policy.ExtrinsicReward.sum": {
            "value": -59.90000107884407,
            "min": -190.70000606030226,
            "max": 6.549998298287392,
            "count": 38
        },
        "BlackPlayerAI.IsTraining.mean": {
            "value": 1.0,
            "min": 1.0,
            "max": 1.0,
            "count": 38
        },
        "BlackPlayerAI.IsTraining.sum": {
            "value": 1.0,
            "min": 1.0,
            "max": 1.0,
            "count": 38
        },
        "WhitePlayerAI.Losses.PolicyLoss.mean": {
            "value": 0.03457457885767023,
            "min": 0.03286158979559938,
            "max": 0.04645668288382391,
            "count": 37
        },
        "WhitePlayerAI.Losses.PolicyLoss.sum": {
            "value": 0.03457457885767023,
            "min": 0.03286158979559938,
            "max": 0.04645668288382391,
            "count": 37
        },
        "WhitePlayerAI.Losses.ValueLoss.mean": {
            "value": 1.0015108386675518,
            "min": 0.8782096207141876,
            "max": 1.1243597308794657,
            "count": 37
        },
        "WhitePlayerAI.Losses.ValueLoss.sum": {
            "value": 1.0015108386675518,
            "min": 0.8782096207141876,
            "max": 1.1243597308794657,
            "count": 37
        },
        "WhitePlayerAI.Policy.LearningRate.mean": {
            "value": 0.0002994986947671018,
            "min": 0.0002994986947671018,
            "max": 0.0002997205194931602,
            "count": 37
        },
        "WhitePlayerAI.Policy.LearningRate.sum": {
            "value": 0.0002994986947671018,
            "min": 0.0002994986947671018,
            "max": 0.0002997205194931602,
            "count": 37
        },
        "WhitePlayerAI.Policy.Epsilon.mean": {
            "value": 0.19983289820000008,
            "min": 0.19983289820000008,
            "max": 0.19990683979999996,
            "count": 37
        },
        "WhitePlayerAI.Policy.Epsilon.sum": {
            "value": 0.19983289820000008,
            "min": 0.19983289820000008,
            "max": 0.19990683979999996,
            "count": 37
        },
        "WhitePlayerAI.Policy.Beta.mean": {
            "value": 0.00499166162018,
            "min": 0.00499166162018,
            "max": 0.00499535130602,
            "count": 37
        },
        "WhitePlayerAI.Policy.Beta.sum": {
            "value": 0.00499166162018,
            "min": 0.00499166162018,
            "max": 0.00499535130602,
            "count": 37
        },
        "BlackPlayerAI.Losses.PolicyLoss.mean": {
            "value": 0.04294540754829844,
            "min": 0.034818814834579825,
            "max": 0.04393902372879287,
            "count": 36
        },
        "BlackPlayerAI.Losses.PolicyLoss.sum": {
            "value": 0.04294540754829844,
            "min": 0.034818814834579825,
            "max": 0.04393902372879287,
            "count": 36
        },
        "BlackPlayerAI.Losses.ValueLoss.mean": {
            "value": 1.0280946652094523,
            "min": 0.8947029689947764,