{"count":1,"self":8508.2374144,"total":8511.7962376,"children":{"InitializeActuators":{"count":1,"self":0.0015333999999999999,"total":0.0015333999999999999,"children":null},"InitializeSensors":{"count":1,"self":0.00099779999999999986,"total":0.00099779999999999986,"children":null},"AgentSendState":{"count":32885,"self":0.0733463,"total":3.2829376,"children":{"CollectObservations":{"count":65,"self":0.0029971999999999998,"total":0.0029971999999999998,"children":null},"WriteActionMask":{"count":65,"self":3.1945845999999998,"total":3.1945845999999998,"children":null},"RequestDecision":{"count":65,"self":0.0120095,"total":0.0120095,"children":null}}},"DecideAction":{"count":32885,"self":0.2299079,"total":0.2299079,"children":null},"AgentAct":{"count":32885,"self":0.043389699999999996,"total":0.043389699999999996,"children":null}},"gauges":{},"metadata":{"timer_format_version":"0.1.0","start_time_seconds":"1734050655","unity_version":"2022.3.41f1","command_line_arguments":"C:\\Program Files\\Unity\\Hub\\Editor\\2022.3.41f1\\Editor\\Unity.exe -projectpath C:\\Users\\steve\\chess-rogue\\chess-rogue -useHub -hubIPC -cloudEnvironment production -licensingIpc LicenseClient-steve -hubSessionId 9c259592-206d-4a5e-a521-33ad5b2a3bbc -accessToken FErYfloi-w79BaAH2CViB8UInk-e-yYiX2npTrFSd78002f","communication_protocol_version":"1.5.0","com.unity.ml-agents_version":"2.0.1","scene_name":"MainMenu","end_time_seconds":"1734059167"}}