{"count":1,"self":423.58489599999996,"total":424.54871779999996,"children":{"InitializeActuators":{"count":1,"self":0.00053239999999999993,"total":0.00053239999999999993,"children":null},"InitializeSensors":{"count":1,"self":0.0010398999999999999,"total":0.0010398999999999999,"children":null},"AgentSendState":{"count":20961,"self":0.0754569,"total":0.78695169999999992,"children":{"CollectObservations":{"count":8,"self":0.001009,"total":0.001009,"children":null},"WriteActionMask":{"count":8,"self":0.6518045,"total":0.6518045,"children":null},"RequestDecision":{"count":8,"self":0.0586813,"total":0.0586813,"children":null}}},"DecideAction":{"count":20961,"self":0.14541779999999999,"total":0.14541779999999999,"children":null},"AgentAct":{"count":20961,"self":0.028866199999999998,"total":0.028866199999999998,"children":null}},"gauges":{},"metadata":{"timer_format_version":"0.1.0","start_time_seconds":"1741893707","unity_version":"2022.3.41f1","command_line_arguments":"C:\\Program Files\\Unity\\Hub\\Editor\\2022.3.41f1\\Editor\\Unity.exe -projectpath C:\\Users\\steve\\chess-rogue\\chess-rogue -useHub -hubIPC -cloudEnvironment production -licensingIpc LicenseClient-steve -hubSessionId f1e0e265-fc90-4c99-8e8e-3b8bd2e95f55 -accessToken DxyWLcZn5E_fy29ss8yV97oGkUq8ymkjph42dIEoNiY002f","communication_protocol_version":"1.5.0","com.unity.ml-agents_version":"2.0.1","scene_name":"MainMenu","end_time_seconds":"1741894132"}}