{"count":1,"self":1165.6367103999999,"total":3948.8939668999997,"children":{"InitializeActuators":{"count":200,"self":0.0019933999999999998,"total":0.0019933999999999998,"children":null},"InitializeSensors":{"count":200,"self":0.0009971,"total":0.0009971,"children":null},"AgentSendState":{"count":1243634,"self":1.105424,"total":2096.4069747999997,"children":{"CollectObservations":{"count":21302,"self":4.3526267999999995,"total":4.3526269,"children":null},"WriteActionMask":{"count":21302,"self":2087.7441024,"total":2087.7440679,"children":null},"RequestDecision":{"count":21302,"self":0.1420765,"total":3.204856,"children":{"AgentInfo.ToProto":{"count":21302,"self":0.2256789,"total":3.0627795,"children":{"GenerateSensorData":{"count":21302,"self":2.8371006,"total":2.8371006,"children":null}}}}}}},"DecideAction":{"count":1243634,"self":112.22853119999999,"total":112.22852669999999,"children":null},"AgentAct":{"count":1243634,"self":574.56875519999994,"total":574.5687373,"children":null},"AgentInfo.ToProto":{"count":198,"self":0.0025044999999999998,"total":0.0489967,"children":{"GenerateSensorData":{"count":198,"self":0.0464922,"total":0.0464922,"children":null}}}},"gauges":{"WhitePlayerAI.CumulativeReward":{"count":45,"max":2.95,"min":-1.64999986,"runningAverage":0.8211112,"value":1.45,"weightedAverage":0.7950783},"BlackPlayerAI.CumulativeReward":{"count":54,"max":3.05,"min":-1.90000033,"runningAverage":0.8277777,"value":1.00000012,"weightedAverage":0.63974905}},"metadata":{"timer_format_version":"0.1.0","start_time_seconds":"1736630521","unity_version":"2022.3.41f1","command_line_arguments":"C:\\Program Files\\Unity\\Hub\\Editor\\2022.3.41f1\\Editor\\Unity.exe -projectpath C:\\Users\\steve\\chess-rogue\\chess-rogue -useHub -hubIPC -cloudEnvironment production -licensingIpc LicenseClient-steve -hubSessionId 458c45a0-f07b-4463-8835-5fc25be8b579 -accessToken k5jlFkyUI7RkOrzZX9_1GeVeESX8JHJN0DMnA-4FCEM002f","communication_protocol_version":"1.5.0","com.unity.ml-agents_version":"2.0.1","scene_name":"SampleScene","end_time_seconds":"1736634470"}}