{"count":1,"self":16649.142272,"total":101370.3261235,"children":{"InitializeActuators":{"count":13232,"self":0.0816045,"total":0.0816045,"children":null},"InitializeSensors":{"count":13232,"self":0.1256676,"total":0.1256676,"children":null},"AgentSendState":{"count":55214737,"self":45.4245344,"total":79619.52228569999,"children":{"CollectObservations":{"count":772516,"self":154.0595584,"total":154.0595601,"children":null},"WriteActionMask":{"count":772516,"self":79313.403903999992,"total":79313.4062101,"children":null},"RequestDecision":{"count":772516,"self":5.3061175999999994,"total":106.6319805,"children":{"AgentInfo.ToProto":{"count":772516,"self":6.1029703999999994,"total":101.32586309999999,"children":{"GenerateSensorData":{"count":772516,"self":95.2228928,"total":95.2228926,"children":null}}}}}}},"DecideAction":{"count":55214737,"self":4214.9187584,"total":4214.9188505,"children":null},"AgentAct":{"count":55214737,"self":884.92748799999993,"total":885.040078,"children":{"AgentInfo.ToProto":{"count":664,"self":0.0039905,"total":0.1125844,"children":{"GenerateSensorData":{"count":664,"self":0.1085939,"total":0.1085939,"children":null}}}}},"AgentInfo.ToProto":{"count":12566,"self":0.11991639999999999,"total":1.4952226,"children":{"GenerateSensorData":{"count":12566,"self":1.3753062,"total":1.3753062,"children":null}}}},"gauges":{"BlackPlayerAI.CumulativeReward":{"count":6295,"max":6.84999943,"min":-8.899995,"runningAverage":-0.506417632,"value":2.05000019,"weightedAverage":0.5539007},"WhitePlayerAI.CumulativeReward":{"count":320,"max":-0.950000048,"min":-7.75000143,"runningAverage":-3.96953225,"value":-1.50000036,"weightedAverage":-4.007512}},"metadata":{"timer_format_version":"0.1.0","start_time_seconds":"1736799210","unity_version":"2022.3.41f1","command_line_arguments":"C:\\Program Files\\Unity\\Hub\\Editor\\2022.3.41f1\\Editor\\Unity.exe -projectpath C:\\Users\\steve\\chess-rogue\\chess-rogue -useHub -hubIPC -cloudEnvironment production -licensingIpc LicenseClient-steve -hubSessionId 9bf28818-0e87-442a-9c4a-c361bd4d899d -accessToken I4ILckJI9AGsObQnq3OeXLH1cVm9pRPp6wCSEK0fWe0002f","communication_protocol_version":"1.5.0","com.unity.ml-agents_version":"2.0.1","scene_name":"SampleScene","end_time_seconds":"1736900580"}}