{"count":1,"self":856.1639424,"total":860.54840519999993,"children":{"InitializeActuators":{"count":1,"self":0.00050579999999999993,"total":0.00050579999999999993,"children":null},"InitializeSensors":{"count":1,"self":0.00099439999999999988,"total":0.00099439999999999988,"children":null},"AgentSendState":{"count":42810,"self":0.1765699,"total":3.6870341,"children":{"CollectObservations":{"count":50,"self":0.0113829,"total":0.0113829,"children":null},"WriteActionMask":{"count":50,"self":3.45462,"total":3.45462,"children":null},"RequestDecision":{"count":50,"self":0.044461299999999995,"total":0.044461299999999995,"children":null}}},"DecideAction":{"count":42810,"self":0.38427439999999996,"total":0.38427439999999996,"children":null},"AgentAct":{"count":42810,"self":0.31063959999999996,"total":0.31063959999999996,"children":null}},"gauges":{},"metadata":{"timer_format_version":"0.1.0","start_time_seconds":"1740885205","unity_version":"2022.3.41f1","command_line_arguments":"C:\\Program Files\\Unity\\Hub\\Editor\\2022.3.41f1\\Editor\\Unity.exe -projectpath C:\\Users\\steve\\Documents\\GitHub\\chess-rogue -useHub -hubIPC -cloudEnvironment production -licensingIpc LicenseClient-steve -hubSessionId f40005ec-79a2-49f9-8b13-a434120d6af9 -accessToken 5shSq256LrXt1d8XjNYrgOVaVHcHL8P98GLjWVc1QXI002f","communication_protocol_version":"1.5.0","com.unity.ml-agents_version":"2.0.1","scene_name":"SampleScene","end_time_seconds":"1740886066"}}