{"count":1,"self":454.2713856,"total":455.462488,"children":{"InitializeActuators":{"count":1,"self":0.00099969999999999985,"total":0.00099969999999999985,"children":null},"InitializeSensors":{"count":1,"self":0.00053239999999999993,"total":0.00053239999999999993,"children":null},"AgentSendState":{"count":22484,"self":0.0614069,"total":1.0180487999999999,"children":{"CollectObservations":{"count":17,"self":0.0015072999999999998,"total":0.0015072999999999998,"children":null},"WriteActionMask":{"count":17,"self":0.94361719999999993,"total":0.94361719999999993,"children":null},"RequestDecision":{"count":17,"self":0.011517399999999999,"total":0.011517399999999999,"children":null}}},"DecideAction":{"count":22484,"self":0.1506612,"total":0.1506612,"children":null},"AgentAct":{"count":22484,"self":0.020869,"total":0.020869,"children":null}},"gauges":{},"metadata":{"timer_format_version":"0.1.0","start_time_seconds":"1733877618","unity_version":"2022.3.41f1","command_line_arguments":"C:\\Program Files\\Unity\\Hub\\Editor\\2022.3.41f1\\Editor\\Unity.exe -projectpath C:\\Users\\steve\\chess-rogue\\chess-rogue -useHub -hubIPC -cloudEnvironment production -licensingIpc LicenseClient-steve -hubSessionId 6afc5f9b-1024-4357-9b2a-b36e708443c9 -accessToken nt7EoDmYvRp8PthPurIvTOnyWQLSCRSlYDEs_uIaCRY002f","communication_protocol_version":"1.5.0","com.unity.ml-agents_version":"2.0.1","scene_name":"SampleScene","end_time_seconds":"1733878073"}}