{"count":1,"self":3335.69024,"total":8873.0372448,"children":{"InitializeActuators":{"count":612,"self":0.0071553,"total":0.0071553,"children":null},"InitializeSensors":{"count":612,"self":0.0055648999999999994,"total":0.0055648999999999994,"children":null},"AgentSendState":{"count":5214817,"self":4.0365864,"total":3805.1832984999996,"children":{"CollectObservations":{"count":58379,"self":12.232144799999999,"total":12.232145,"children":null},"WriteActionMask":{"count":58379,"self":3780.5043711999997,"total":3780.504349,"children":null},"RequestDecision":{"count":58379,"self":0.39473959999999997,"total":8.4102181,"children":{"AgentInfo.ToProto":{"count":58379,"self":0.5002179,"total":8.0154785,"children":{"GenerateSensorData":{"count":58379,"self":7.5152608,"total":7.5152605999999995,"children":null}}}}}}},"DecideAction":{"count":5214817,"self":311.735168,"total":311.7351695,"children":null},"AgentAct":{"count":5214817,"self":1420.3126783999999,"total":1420.3138999999999,"children":{"AgentInfo.ToProto":{"count":7,"self":0,"total":0.0012159999999999999,"children":{"GenerateSensorData":{"count":7,"self":0.0012159999999999999,"total":0.0012159999999999999,"children":null}}}}},"AgentInfo.ToProto":{"count":603,"self":0.0040722,"total":0.1009598,"children":{"GenerateSensorData":{"count":603,"self":0.09688759999999999,"total":0.09688759999999999,"children":null}}}},"gauges":{"GeneralPlayer.CumulativeReward":{"count":303,"max":2020.75317,"min":-2132.79883,"runningAverage":576.2201,"value":1097.20032,"weightedAverage":767.497437},"GeneralBlack.CumulativeReward":{"count":2,"max":236.24971,"min":190.049911,"runningAverage":213.149811,"value":236.24971,"weightedAverage":201.599854}},"metadata":{"timer_format_version":"0.1.0","start_time_seconds":"1743950659","unity_version":"2022.3.41f1","command_line_arguments":"C:\\Program Files\\Unity\\Hub\\Editor\\2022.3.41f1\\Editor\\Unity.exe -projectpath C:\\Users\\steve\\chess-rogue\\chess-rogue -useHub -hubIPC -cloudEnvironment production -licensingIpc LicenseClient-steve -hubSessionId 0963fd60-533d-445c-9da9-250ca2204774 -accessToken HbWuOX4d6UKR8bnDS0p1kr2LklDGp8KM_klfvDLwB10002f","communication_protocol_version":"1.5.0","com.unity.ml-agents_version":"2.0.1","scene_name":"SampleScene","end_time_seconds":"1743959532"}}