{"count":1,"self":266.439424,"total":266.8699922,"children":{"InitializeActuators":{"count":1,"self":0.0019944999999999997,"total":0.0019944999999999997,"children":null},"InitializeSensors":{"count":1,"self":0.0010249999999999999,"total":0.0010249999999999999,"children":null},"AgentSendState":{"count":7237,"self":0.0318694,"total":0.3095577,"children":{"CollectObservations":{"count":5,"self":0.0025193999999999998,"total":0.0025193999999999998,"children":null},"WriteActionMask":{"count":5,"self":0.254662,"total":0.254662,"children":null},"RequestDecision":{"count":5,"self":0.020506899999999998,"total":0.020506899999999998,"children":null}}},"DecideAction":{"count":7237,"self":0.1034692,"total":0.1034692,"children":null},"AgentAct":{"count":7237,"self":0.014511099999999999,"total":0.014511099999999999,"children":null}},"gauges":{},"metadata":{"timer_format_version":"0.1.0","start_time_seconds":"1733614916","unity_version":"2022.3.41f1","command_line_arguments":"C:\\Program Files\\Unity\\Hub\\Editor\\2022.3.41f1\\Editor\\Unity.exe -projectpath C:\\Users\\steve\\chess-rogue\\chess-rogue -useHub -hubIPC -cloudEnvironment production -licensingIpc LicenseClient-steve -hubSessionId c84edf87-3188-4d1d-918d-766712456893 -accessToken KNy5MXWADo4uaiuM45j7hjy0m4gzUB0uaQ-ShvvdUSo002f","communication_protocol_version":"1.5.0","com.unity.ml-agents_version":"2.0.1","scene_name":"SampleScene","end_time_seconds":"1733615183"}}