{"count":1,"self":2875.0698496,"total":2891.3050537999998,"children":{"InitializeActuators":{"count":1,"self":0.00098749999999999988,"total":0.00098749999999999988,"children":null},"InitializeSensors":{"count":1,"self":0.0017174999999999998,"total":0.0017174999999999998,"children":null},"AgentSendState":{"count":144304,"self":0.59864529999999994,"total":14.840929099999999,"children":{"CollectObservations":{"count":315,"self":0.012975599999999999,"total":0.012975599999999999,"children":null},"WriteActionMask":{"count":315,"self":14.21364,"total":14.2136403,"children":null},"RequestDecision":{"count":315,"self":0.0156679,"total":0.0156679,"children":null}}},"DecideAction":{"count":144304,"self":1.196774,"total":1.196774,"children":null},"AgentAct":{"count":144304,"self":0.19487159999999998,"total":0.19487159999999998,"children":null}},"gauges":{"My Behavior.CumulativeReward":{"count":1,"max":-4.99999857,"min":-4.99999857,"runningAverage":-4.99999857,"value":-4.99999857,"weightedAverage":-4.99999857}},"metadata":{"timer_format_version":"0.1.0","start_time_seconds":"1734906801","unity_version":"2022.3.41f1","command_line_arguments":"C:\\Program Files\\Unity\\Hub\\Editor\\2022.3.41f1\\Editor\\Unity.exe -projectpath C:\\Users\\steve\\Documents\\GitHub\\chess-rogue -useHub -hubIPC -cloudEnvironment production -licensingIpc LicenseClient-steve -hubSessionId 275fbb8b-9be2-47c2-be25-3be950d12b79 -accessToken MHQqN57qpBD3vHVpX2O70YdXdlRTvdAYVsl5yJO38GI002f","communication_protocol_version":"1.5.0","com.unity.ml-agents_version":"2.0.1","scene_name":"SampleScene","end_time_seconds":"1734909692"}}