{"count":1,"self":297.5365376,"total":490.0746115,"children":{"InitializeActuators":{"count":36,"self":0.0016010999999999998,"total":0.0016010999999999998,"children":null},"InitializeSensors":{"count":36,"self":0.00050559999999999993,"total":0.00050559999999999993,"children":null},"AgentSendState":{"count":2130751,"self":0.87013319999999994,"total":117.86140119999999,"children":{"CollectObservations":{"count":2212,"self":0.540337,"total":0.540337,"children":null},"WriteActionMask":{"count":2212,"self":116.1308928,"total":116.13089529999999,"children":null},"RequestDecision":{"count":2212,"self":0.0279366,"total":0.3200357,"children":{"AgentInfo.ToProto":{"count":2212,"self":0.019794199999999998,"total":0.2920991,"children":{"GenerateSensorData":{"count":2212,"self":0.27230489999999996,"total":0.27230489999999996,"children":null}}}}}}},"DecideAction":{"count":2130751,"self":27.9741824,"total":27.9741809,"children":null},"AgentAct":{"count":2130751,"self":46.6948576,"total":46.694856699999995,"children":null},"AgentInfo.ToProto":{"count":34,"self":0,"total":0.0045365,"children":{"GenerateSensorData":{"count":34,"self":0.0045365,"total":0.0045365,"children":null}}}},"gauges":{"DefaultBlack.CumulativeReward":{"count":12,"max":3.07848215,"min":1,"runningAverage":1.78304732,"value":1.22903478,"weightedAverage":1.67136049},"DefaultWhite.CumulativeReward":{"count":5,"max":3.37746382,"min":1.57777715,"runningAverage":2.20353532,"value":2.75499535,"weightedAverage":2.16120529}},"metadata":{"timer_format_version":"0.1.0","start_time_seconds":"1749163445","unity_version":"2022.3.41f1","command_line_arguments":"C:\\Program Files\\Unity\\Hub\\Editor\\2022.3.41f1\\Editor\\Unity.exe -projectpath C:\\Users\\steve\\Documents\\GitHub\\chess-rogue -useHub -hubIPC -cloudEnvironment production -licensingIpc LicenseClient-steve -hubSessionId 9bc3676e-1548-4a00-ae97-57b6aa9b31c7 -accessToken lS5hFGO9wL88CIv7Hx6ZFaU81KC23ypt4SjAvDohT-k002f","communication_protocol_version":"1.5.0","com.unity.ml-agents_version":"2.0.1","scene_name":"SampleScene","end_time_seconds":"1749163935"}}